insert into "departamento" (numdepto,nomedepto,local,gerente,data_inicio_gerente) values (0, 'Micaella', 'QDUBLRCXABNOTUN', 3, '29/07/1985');
insert into "departamento" (numdepto,nomedepto,local,gerente,data_inicio_gerente) values (1, 'Keelyn', 'VWDISASVLRYQDGB', 8, '31/07/1989');
insert into "departamento" (numdepto,nomedepto,local,gerente,data_inicio_gerente) values (2, 'Eiliana', 'FFMKDSAYNQJMKBE', 4, '19/08/1977');
insert into "projeto" (projnum, projnome, projlocal, dnum) values (0, 'Pink', 'LLDOUCDKISTGNCB', 0);
insert into "projeto" (projnum, projnome, projlocal, dnum) values (1, 'Icy', 'OKTLIVFAPWDEXVM', 0);
insert into "projeto" (projnum, projnome, projlocal, dnum) values (2, 'Jarrett', 'HSHJWJCUWKSVCLY', 0);
insert into "projeto" (projnum, projnome, projlocal, dnum) values (3, 'Andre', 'HYRXYYULUJLKSWT', 0);
insert into "projeto" (projnum, projnome, projlocal, dnum) values (4, 'Marie', 'OYBBENIHYKGSDHT', 1);
insert into "empregado" (numemp, salario,depto,endereco,pnome,minicial,unome,datanasc,sexo,supervisor) values (0, 8192, 2, 'TLIBSV', 'Delaney', None, 'Claud', '26/04/1989', 'M', 0);
insert into "empregado" (numemp, salario,depto,endereco,pnome,minicial,unome,datanasc,sexo,supervisor) values (1, 8090, 0, 'TEZNNH', 'Camilah', None, 'Delphine', '21/09/1986', 'M', 7);
insert into "empregado" (numemp, salario,depto,endereco,pnome,minicial,unome,datanasc,sexo,supervisor) values (2, 5887, 0, 'EQOQYW', 'Keslynn', None, 'Hilliard', '25/12/1990', 'M', 9);
insert into "empregado" (numemp, salario,depto,endereco,pnome,minicial,unome,datanasc,sexo,supervisor) values (3, 1209, 2, 'TPEZTY', 'Ayce', None, 'Walton', '14/04/1983', 'M', 5);
insert into "empregado" (numemp, salario,depto,endereco,pnome,minicial,unome,datanasc,sexo,supervisor) values (4, 6777, 1, 'XOOPLW', 'Tidus', None, 'Thurman', '16/02/1988', 'M', 3);
insert into "empregado" (numemp, salario,depto,endereco,pnome,minicial,unome,datanasc,sexo,supervisor) values (5, 4263, 0, 'PLBWJP', 'Delaila', None, 'Ruthie', '23/11/1982', 'M', 8);
insert into "empregado" (numemp, salario,depto,endereco,pnome,minicial,unome,datanasc,sexo,supervisor) values (6, 10067, 0, 'AVAHVO', 'Quest', None, 'Jennie', '27/03/1981', 'M', 1);
insert into "empregado" (numemp, salario,depto,endereco,pnome,minicial,unome,datanasc,sexo,supervisor) values (7, 2506, 1, 'RLRDMP', 'Michel', None, 'Sibyl', '15/03/1972', 'M', 7);
insert into "empregado" (numemp, salario,depto,endereco,pnome,minicial,unome,datanasc,sexo,supervisor) values (8, 3049, 1, 'ESISRN', 'Heleena', None, 'Riley', '28/11/1998', 'M', 3);
insert into "empregado" (numemp, salario,depto,endereco,pnome,minicial,unome,datanasc,sexo,supervisor) values (9, 9542, 0, 'ENNSFI', 'Eiliana', None, 'Vida', '09/06/1978', 'M', 8);
insert into "empregado" (numemp, salario,depto,endereco,pnome,minicial,unome,datanasc,sexo,supervisor) values (10, 2577, 0, 'GPWEPT', 'Durell', None, 'Eligah', '30/09/1981', 'M', 3);
insert into "empregado" (numemp, salario,depto,endereco,pnome,minicial,unome,datanasc,sexo,supervisor) values (11, 4514, 2, 'TLYWML', 'Caliber', None, 'Eola', '24/03/1979', 'M', 7);
insert into "empregado" (numemp, salario,depto,endereco,pnome,minicial,unome,datanasc,sexo,supervisor) values (12, 9387, 2, 'PNYVGN', 'Aiyah', None, 'Margie', '28/05/1997', 'M', 9);
insert into "empregado" (numemp, salario,depto,endereco,pnome,minicial,unome,datanasc,sexo,supervisor) values (13, 7300, 1, 'AACBTE', 'Aiyah', None, 'Erna', '31/12/1974', 'M', 8);
insert into "empregado" (numemp, salario,depto,endereco,pnome,minicial,unome,datanasc,sexo,supervisor) values (14, 10655, 1, 'PPNJXW', 'Mikela', None, 'Rosalie', '28/05/1983', 'M', 4);
insert into "empregado" (numemp, salario,depto,endereco,pnome,minicial,unome,datanasc,sexo,supervisor) values (15, 11648, 2, 'QMWLAZ', 'Teancum', None, 'Letty', '05/04/1994', 'M', 1);
insert into "empregado" (numemp, salario,depto,endereco,pnome,minicial,unome,datanasc,sexo,supervisor) values (16, 1970, 0, 'BYWSRO', 'Zahli', None, 'Kizzie', '10/11/1997', 'M', 7);
insert into "empregado" (numemp, salario,depto,endereco,pnome,minicial,unome,datanasc,sexo,supervisor) values (17, 10487, 0, 'OIGAZT', 'Joni', None, 'Uriah', '30/10/1972', 'M', 1);
insert into "empregado" (numemp, salario,depto,endereco,pnome,minicial,unome,datanasc,sexo,supervisor) values (18, 3585, 2, 'LPRJUI', 'Warden', None, 'Abigail', '06/09/1985', 'M', 3);
insert into "empregado" (numemp, salario,depto,endereco,pnome,minicial,unome,datanasc,sexo,supervisor) values (19, 11322, 1, 'DOYFOS', 'Lyndsey', None, 'Dean', '17/06/1997', 'M', 7);

insert into "dependente" (nome_dependente,sexo,datanasc,parentesco,numemp,id) values ('Rhiley Frederick', 'M', '29/04/1980', 'Filho', 3, 0);
insert into "dependente" (nome_dependente,sexo,datanasc,parentesco,numemp,id) values ('Nevayah Eldora', 'M', '26/04/1978', 'Filho', 4, 1);
insert into "dependente" (nome_dependente,sexo,datanasc,parentesco,numemp,id) values ('Harmoniee Hampton', 'M', '13/11/1987', 'Filho', 5, 2);
insert into "dependente" (nome_dependente,sexo,datanasc,parentesco,numemp,id) values ('Aralia Elick', 'M', '21/02/1989', 'Filho', 4, 3);
insert into "dependente" (nome_dependente,sexo,datanasc,parentesco,numemp,id) values ('Yuritzi Fleming', 'M', '29/06/1977', 'Filho', 6, 4);
insert into "dependente" (nome_dependente,sexo,datanasc,parentesco,numemp,id) values ('Liandro Phillip', 'M', '07/12/1973', 'Filho', 9, 5);
insert into "dependente" (nome_dependente,sexo,datanasc,parentesco,numemp,id) values ('Grigor Geo', 'M', '06/10/1996', 'Filho', 9, 6);
insert into "dependente" (nome_dependente,sexo,datanasc,parentesco,numemp,id) values ('Umaima Ashby', 'M', '08/09/1985', 'Filho', 10, 7);
insert into "dependente" (nome_dependente,sexo,datanasc,parentesco,numemp,id) values ('Kady Fronnie', 'M', '21/04/1989', 'Filho', 10, 8);
insert into "dependente" (nome_dependente,sexo,datanasc,parentesco,numemp,id) values ('Siana Elnora', 'M', '09/09/1998', 'Filho', 9, 9);
insert into "dependente" (nome_dependente,sexo,datanasc,parentesco,numemp,id) values ('Wayden Alba', 'M', '11/05/1992', 'Filho', 1, 10);
insert into "dependente" (nome_dependente,sexo,datanasc,parentesco,numemp,id) values ('Amyiah Eve', 'M', '31/01/1996', 'Filho', 7, 11);
insert into "dependente" (nome_dependente,sexo,datanasc,parentesco,numemp,id) values ('Fadi Jonas', 'M', '27/07/1993', 'Filho', 8, 12);
insert into "dependente" (nome_dependente,sexo,datanasc,parentesco,numemp,id) values ('Lexia Presley', 'M', '16/10/1995', 'Filho', 10, 13);
insert into "dependente" (nome_dependente,sexo,datanasc,parentesco,numemp,id) values ('Dorothea Melvina', 'M', '17/01/1981', 'Filho', 1, 14);
insert into "dependente" (nome_dependente,sexo,datanasc,parentesco,numemp,id) values ('Leola Phoebe', 'M', '16/11/1982', 'Filho', 2, 15);
insert into "dependente" (nome_dependente,sexo,datanasc,parentesco,numemp,id) values ('Ameyalli Omie', 'M', '04/12/1975', 'Filho', 9, 16);
insert into "dependente" (nome_dependente,sexo,datanasc,parentesco,numemp,id) values ('Lawson Wes', 'M', '28/07/1989', 'Filho', 3, 17);
insert into "dependente" (nome_dependente,sexo,datanasc,parentesco,numemp,id) values ('Waleed Mahalia', 'M', '05/04/1987', 'Filho', 3, 18);
insert into "dependente" (nome_dependente,sexo,datanasc,parentesco,numemp,id) values ('Nakyia Olaf', 'M', '01/04/1995', 'Filho', 3, 19);
insert into "dependente" (nome_dependente,sexo,datanasc,parentesco,numemp,id) values ('Kyro Lum', 'M', '19/10/1980', 'Filho', 1, 20);
insert into "dependente" (nome_dependente,sexo,datanasc,parentesco,numemp,id) values ('Jerilynn Etter', 'M', '05/05/1992', 'Filho', 10, 21);
insert into "dependente" (nome_dependente,sexo,datanasc,parentesco,numemp,id) values ('Reeves Ira', 'M', '16/06/1975', 'Filho', 2, 22);
insert into "dependente" (nome_dependente,sexo,datanasc,parentesco,numemp,id) values ('Annaleigh Wilda', 'M', '14/02/1999', 'Filho', 7, 23);
insert into "dependente" (nome_dependente,sexo,datanasc,parentesco,numemp,id) values ('Tilda Fanny', 'M', '30/05/1977', 'Filho', 2, 24);
insert into "dependente" (nome_dependente,sexo,datanasc,parentesco,numemp,id) values ('Aloysius Lucius', 'M', '07/02/1996', 'Filho', 1, 25);
insert into "dependente" (nome_dependente,sexo,datanasc,parentesco,numemp,id) values ('Jhayce Noble', 'M', '11/04/1992', 'Filho', 7, 26);
insert into "dependente" (nome_dependente,sexo,datanasc,parentesco,numemp,id) values ('Ajourney Neppie', 'M', '20/07/1970', 'Filho', 7, 27);
insert into "dependente" (nome_dependente,sexo,datanasc,parentesco,numemp,id) values ('Yeudiel Clement', 'M', '17/09/1996', 'Filho', 9, 28);
insert into "dependente" (nome_dependente,sexo,datanasc,parentesco,numemp,id) values ('Ahriella Oral', 'M', '13/08/1975', 'Filho', 10, 29);
insert into "trabalhaem" (enum, pnum, horas_trabalhadas) values (2, 4, 33);
insert into "trabalhaem" (enum, pnum, horas_trabalhadas) values (0, 1, 25);
insert into "trabalhaem" (enum, pnum, horas_trabalhadas) values (0, 1, 27);
insert into "trabalhaem" (enum, pnum, horas_trabalhadas) values (6, 2, 28);
insert into "trabalhaem" (enum, pnum, horas_trabalhadas) values (7, 3, 21);
insert into "trabalhaem" (enum, pnum, horas_trabalhadas) values (0, 0, 32);
insert into "trabalhaem" (enum, pnum, horas_trabalhadas) values (7, 3, 25);
insert into "trabalhaem" (enum, pnum, horas_trabalhadas) values (5, 3, 38);
insert into "trabalhaem" (enum, pnum, horas_trabalhadas) values (4, 1, 21);
insert into "trabalhaem" (enum, pnum, horas_trabalhadas) values (2, 1, 31);
insert into "trabalhaem" (enum, pnum, horas_trabalhadas) values (7, 3, 37);
insert into "trabalhaem" (enum, pnum, horas_trabalhadas) values (6, 0, 23);
insert into "trabalhaem" (enum, pnum, horas_trabalhadas) values (2, 0, 33);
insert into "trabalhaem" (enum, pnum, horas_trabalhadas) values (6, 0, 25);
insert into "trabalhaem" (enum, pnum, horas_trabalhadas) values (9, 0, 37)
