insert into "projeto" (projnum, projnome, projlocal, dnum) values (0, 'Adele', 'VUBJLYAEVESHNXT', 3)
insert into "projeto" (projnum, projnome, projlocal, dnum) values (1, 'Tommy', 'ZVOEFICRJOJMUHW', 2)
insert into "projeto" (projnum, projnome, projlocal, dnum) values (2, 'Cornelius', 'ZQLYRZTWMQCBZRZ', 1)
insert into "projeto" (projnum, projnome, projlocal, dnum) values (3, 'Irwin', 'QSWWDFRCXFAZDXF', 2)
insert into "projeto" (projnum, projnome, projlocal, dnum) values (4, 'Ida', 'KKNICVZLCOFPXMW', 2)
insert into "dependente" (nomedependente,sexo,datanasc,parentesco,numemp) values ('Karstyn Orville', 'M', '14/04/1994', 'Filho', 9)
insert into "dependente" (nomedependente,sexo,datanasc,parentesco,numemp) values ('Brigid Bert', 'M', '07/02/1983', 'Filho', 3)
insert into "dependente" (nomedependente,sexo,datanasc,parentesco,numemp) values ('Micah Elam', 'M', '06/02/1987', 'Filho', 2)
insert into "dependente" (nomedependente,sexo,datanasc,parentesco,numemp) values ('Charlierose Lavinia', 'M', '17/07/1982', 'Filho', 9)
insert into "dependente" (nomedependente,sexo,datanasc,parentesco,numemp) values ('Zaliah Titus', 'M', '14/10/1972', 'Filho', 3)
insert into "dependente" (nomedependente,sexo,datanasc,parentesco,numemp) values ('Josette Ervin', 'M', '14/08/1976', 'Filho', 4)
insert into "dependente" (nomedependente,sexo,datanasc,parentesco,numemp) values ('Andrianna Nelia', 'M', '02/01/1991', 'Filho', 8)
insert into "dependente" (nomedependente,sexo,datanasc,parentesco,numemp) values ('Deaglan Lola', 'M', '27/08/1997', 'Filho', 5)
insert into "dependente" (nomedependente,sexo,datanasc,parentesco,numemp) values ('Dailany Amber', 'M', '26/02/1970', 'Filho', 6)
insert into "dependente" (nomedependente,sexo,datanasc,parentesco,numemp) values ('Weslee Hayden', 'M', '31/05/1995', 'Filho', 9)
insert into "empregado" (numemp, nomeemp, salario, depto) values (0, 'Konan Aron', 4741, 2)
insert into "empregado" (numemp, nomeemp, salario, depto) values (1, 'Yoselin Leota', 9862, 2)
insert into "empregado" (numemp, nomeemp, salario, depto) values (2, 'Alessandria Lucille', 6650, 2)
insert into "empregado" (numemp, nomeemp, salario, depto) values (3, 'Kalki Joe', 8837, 3)
insert into "empregado" (numemp, nomeemp, salario, depto) values (4, 'Denisa Milford', 6915, 2)
insert into "empregado" (numemp, nomeemp, salario, depto) values (5, 'Satori Clarinda', 4308, 1)
insert into "empregado" (numemp, nomeemp, salario, depto) values (6, 'Rokhaya Buster', 1784, 1)
insert into "empregado" (numemp, nomeemp, salario, depto) values (7, 'Paityn Roland', 5659, 1)
insert into "empregado" (numemp, nomeemp, salario, depto) values (8, 'Sophia Lester', 5931, 3)
insert into "empregado" (numemp, nomeemp, salario, depto) values (9, 'Kavan Walton', 8335, 2)
insert into "departamento" (num_depto,nomedepto,local) values (0, 'Kalifa', 'QNSQTRVYSBMSVLK')
insert into "departamento" (num_depto,nomedepto,local) values (1, 'Cresencio', 'FQIOPSLLNYZJGCB')
insert into "departamento" (num_depto,nomedepto,local) values (2, 'Oaklie', 'UBQEAAIAEDFMMXM')
